Comment,Label
"""As usual overacting of Anushka ",cyberbullying
A classic example of what mental Illness looks like ,cyberbullying
A unprofessional model and a professional model,cyberbullying
Actresses are to copy and paste,cyberbullying
After seeing Janhvi Kapoor... I m also thinking that I can b a model nd do ramp walk????,cyberbullying
"Ah yes the entitled liberal that hates racism, makes racist jokes. Gotta love the irony",cyberbullying
All on drugs,cyberbullying
Amber Heard is a monster,cyberbullying
Amber Heard is retarded and insane,cyberbullying
Amber Heard shit,cyberbullying
"Amber is one dark women , how many men has she abused ?",cyberbullying
Amber might be the dumbest woman of all time.,cyberbullying
"Amber Turd should have gone to jail, for cutting of part of his finger. She is a psychopath that is a danger to society.",cyberbullying
Amber turds a huge liar. She really needed jail,cyberbullying
Amber ??on the bed she was very evil ?? I will never watch nothing she plays in with millions of other people ??????,cyberbullying
Amber's a psychopath,cyberbullying
Ambers acting is as embarrassing as her lawyers ??,cyberbullying
Americans arenít funny,cyberbullying
And now sheís fake crying on social media about deportations.,cyberbullying
And this guy complains about racism yet pulls this shit when he travels.,cyberbullying
Johannesburg is in South Africa.,
"Another gold digger,bitch!Next!",cyberbullying
another typical crazy woman,cyberbullying
Antisemitic,cyberbullying
Anushka has such a big mouth,cyberbullying
Arms are moving too much. Take this out. Why is Bollywood always trying to imitate futilities from the US?,cyberbullying
"Scotland, Johannesburg ??????????",
Average Woman in 2025??,cyberbullying
bad acting,cyberbullying
Basically she is a 'rape fetish' whore.,cyberbullying
Basically she is a slut ...she likes to get fu#?% by everyone wildly...shit things,cyberbullying
"Hilarious ??????  Johannesburg,  Scotland ??",
Basically she is a WHORE & she wants to be treated like a WHORE !,cyberbullying
Eyoooooo as for johannesburg ????????????????????????????,
Beauty with dustbin mindset,cyberbullying
Beauty with zero Brain ??,cyberbullying
beauty without brain ,cyberbullying
Because her dress is too much tight on her butt and she canít even walk properly ??,cyberbullying
Below Average girl ????,cyberbullying
Below comedy*,cyberbullying
Bombed hard,cyberbullying
Both are cringe as fuck. Just walk like a normal person ffs,cyberbullying
Kkkk Johannesburg,
Johannesburg...same bro same ??,
"Both are Neporats,,1 from India,,1 from USA,,both are plastic, ????",cyberbullying
Both are plastic. No importance,cyberbullying
Both are trash.,cyberbullying
Johannesburg ????????????,
Both of them are absolute muppets ???????,cyberbullying
Both the sisters r damn pathetic,cyberbullying
Brain dead woman,cyberbullying
Bro even her walk .,cyberbullying
Bro is complete idiot,cyberbullying
Bro looks creepy asf????,cyberbullying
Bro roasted her....????,cyberbullying
Bro..why she is walking soo fast ????,cyberbullying
Bros always been a fucking weirdo??,cyberbullying
Buffalo,cyberbullying
Buffalo walk ??????,cyberbullying
Buffalo ?? in black,cyberbullying
"But knowing what I know, it's just scary creepy""",cyberbullying
"By trevors own leftist logic, this is stealing culture and racist. It doesnt matter when its your money on the line. What a hypocrite.",cyberbullying
Camille is incredible. Amber is a really horrinle actor,cyberbullying
Can this guy be any less funny?,cyberbullying
Can you maybe speak fluent English,cyberbullying
Can't bear this. God bless Virat,cyberbullying
Can't do acting Can't even do model walk she's just kapoor,cyberbullying
Cat walk ? goat walk ??????????,cyberbullying
Certainly Need  lessons on how to speak Scottish  ????????,cyberbullying
I just got back from Johannesburg on holiday omg wow,
Chopped,cyberbullying
Classic narcissistic behavior,cyberbullying
Confidence 100percent .. Walk.. 0,cyberbullying
Confidence is good but overconfidence is harmful ??,cyberbullying
Copycat,cyberbullying
creep in wattpad ????,cyberbullying
Creepy,cyberbullying
Creepy expressions. He looks like the drunk lustful uncle at every stupod gathering????????,cyberbullying
Cringe,cyberbullying
Cringe max pro????,cyberbullying
Cry baby,cyberbullying
Cult ass mind awareness. Narcissistic,cyberbullying
Dangerous acting so weird face expression ,cyberbullying
Dayum!That's his reality!!The monster!,cyberbullying
deadpool made him egoistic,cyberbullying
dhanush Cheap version ??????,cyberbullying
Disgusting walk??,cyberbullying
Disgusting ??,cyberbullying
Drama Queen fake tears!,cyberbullying
Drama Quin ??,cyberbullying
Duckey lips,cyberbullying
Dude sucks at life.,cyberbullying
"Ended up being humiliated""",cyberbullying
Even i like Johnny Depp I  believe that the guy could be agressive after couple of drinks... He looks like a drunk nightmare all the time,cyberbullying
Even Seeing him Gives me a Creep nowadays ?????,cyberbullying
Every girl' s mindset ????????,cyberbullying
"Every time I see this cry baby pretty pretty princess bullshit, angers me. I see NO real pain in them eyes, the I'll f*cking kill you gaze. ",cyberbullying
"Every time I try and give him a chance.. thereís nothing funny about him""",cyberbullying
EVIL WOMAN,cyberbullying
Ew cringe WTF?! ??,cyberbullying
ewww she can't even do a cat walk and I don't like her,cyberbullying
Eww????disaster ??,cyberbullying
Favorite game?  Youíre a straight(figure of speech) Racist. Thatís just you hating and mocking other cultures ????bigot,cyberbullying
Fillers and Botox side effects her face is twitching.,cyberbullying
First ..that is a horse walk....it was a cat walk show,cyberbullying
"First of all, she needs to be slim and have a good figure.",cyberbullying
First she needs to loose a lot of weight,cyberbullying
Flopped,cyberbullying
Flow is missing... need more workout..,cyberbullying
Foolish cleverness...?,cyberbullying
For money people can do anything,cyberbullying
Freaking creep,cyberbullying
Fuck sake dude.....????????..,cyberbullying
Fukkking logic??????,cyberbullying
Funny walk,cyberbullying
"Funny, immature girl ??",cyberbullying
"Geez, I could act better than that ffs,, ??????",cyberbullying
Gerard Butler the guy who plays in evry peace of trash calls out another peace if trash,cyberbullying
Girls are like this only.!! They are just good for nothing,cyberbullying
Girls ????????,cyberbullying
Give her 35 lakhs and she will give anything to boys??,cyberbullying
God damn Amber is a very bad actress!,cyberbullying
God damn this is unfunny,cyberbullying
Gomez youre Scum Bag !!,cyberbullying
Gravitation effect,cyberbullying
Guys becareful bc taeil forced girls to show their private parts. so he is a creep??,cyberbullying
Haha hilarious,cyberbullying
Hands movement was not proper,cyberbullying
He can't go one day with out mocking gods being rude making actors quit and annoying his co stars,cyberbullying
He is so creepy here and he resemble the ml in a Chinese drama the defender and novel name is  Who is the prey .????????,cyberbullying
He isnít funny EVER,cyberbullying
He knows his the monster ??,cyberbullying
"HE LOOKS FREAKING DISGUSTING AND OLD????????""",cyberbullying
He looks like the weeknd and Bruno mars had a kid ??,cyberbullying
He sounds like an absolute ass.,cyberbullying
He sounds like that Irish duck from duck tails!,cyberbullying
He sounds straight out of brave,cyberbullying
He tries really hard to speak to liberals in their accent,cyberbullying
he was nice but fake nice,cyberbullying
He was rapper now he raper,cyberbullying
Heís as bad at comedy as he is at delivering news or stories.,cyberbullying
Her acting is really shit lol,cyberbullying
Her dress is different shape... body is different type and face angle is opposite...,cyberbullying
Her fake tears about illegal aliens being deported tells you all you need to know about this creature,cyberbullying
Her hand move is so annoying,cyberbullying
Her plastic is so extra that even she cant handle it.... thats why its looking like duck walk...,cyberbullying
Her walk is so goofy ?? feeling embarrassed for her,cyberbullying
Her walk is very funny ????????,cyberbullying
He's about as funny as standing on Lego in your bare feet,cyberbullying
Hilarious,cyberbullying
His looks so creepy wtf,cyberbullying
Honestly Iím glad I never liked him he always looked like a weirdo everytime I seen him in the nct personal videos just seemed off to me since day 1,cyberbullying
"Honestly, clowns. Both of them.",cyberbullying
Horrible actress,cyberbullying
Horrible walk,cyberbullying
How could we not tell this mf was a demon this whole time ??,cyberbullying
How she is walking.its so funny .I have not seen such catwolk in my lifetime??????,cyberbullying
How the hell is she an ACTOR?!  She's the WORST LIAR EVER!,cyberbullying
I always found him creepy and I was right tf??,cyberbullying
I am still waiting to laugh,cyberbullying
I can honestly say heís never made me laugh. Except for when he says something so stupid yet he thinks heís a genius,cyberbullying
I can't stand Amber she's a liar it's been proven and you can tell her crying is fake as hell,cyberbullying
I can't stand this guy ????,cyberbullying
i cant tell if this guy is funny or not.. like.. he says things.. people laugh... and im always like??,cyberbullying
I do this too but it isn't a game... it's me doing it without realizing it and people getting angry.,cyberbullying
I donít like jhanviís walk at all,cyberbullying
I don't know why jhanvi is showing such an overconfidence ????????,cyberbullying
I don't understand her walk,cyberbullying
I forgot how bad her acting was during the case,cyberbullying
i guess she is walking with her hip and with her legsÖgoing here and there like ghat roads,cyberbullying
"I hate her, a bad actress and an even worse human being",cyberbullying
I hate him????????,cyberbullying
I have never liked him. The epitome of everything hateful and wrong with ìfrat boyî stereotypes.,cyberbullying
I have so many questions fir this case- if the girl was a minor why was she drinking (it was said she was drunk). Why did he randomly bring random two guys to do it to. Why did he randomly do it. Why tf was he once my bias. Why is he so ugly,cyberbullying
I hope she never works again. Just like that will smith coward.,cyberbullying
i hope this guy loses his ability to speak,cyberbullying
I hope we don't see janvi doing catwalk again. Some people may say she tried her best...she is actually an actress and janvi should not be compared to kendell...then why in the first place she is here? This place doesn't belong to her. Everyone has the right to judge her walk as long as she is walking and she has taken someone else's place.,cyberbullying
I love how the entire world knew she was full of shit haha the whole world! How fuckin embarrassing.,cyberbullying
I miss Amber heard SHE MAKE'S ME LAUGH SO HARD.. SHE SHOULD ACT IN A MOVIE CALLED LIAR LIAR PANTS ON FIRE...????????????,cyberbullying
I never get sick of seeing SCUMBAG TURD getting destroyed. She proved to be a lying money grabbing narcissist ??????????????,cyberbullying
I prefer your garlic hindi english,cyberbullying
"I remember the years of Ryan Reynolds being very appreciated by the public as a cool, down to Hearth actor. For  what concerns me, he always gave classroom bully vibes.",cyberbullying
I think her body isn't made for modelling and an even if it does she doesn't know how to walk I think it's completely different from a model,cyberbullying
I think jhanvi did better,cyberbullying
I think there should be ananya pandey in place of jhanvi kapoor she should have been slayed here,cyberbullying
Iím scared,cyberbullying
idk...but he is not funny at all...there are way better comedians out there ... sorry !,cyberbullying
"If ever, you need to understand what a venom tongued, compulsively lying, sociopathic monster looks like.... Ms. Turd would be a fitting profile.",cyberbullying
If i say so myself it looks like Jhanvi's walk looks like she is going to fall any second ????,cyberbullying
If you're gonna do this make sure geography is on point,cyberbullying
I'm disgusted ,cyberbullying
Im glad scarlet dogded a bullet Blake will never be as talented or pretty like Scarlett,cyberbullying
I'm more scared of him than DIDDY,cyberbullying
I'm sorry you're black it's all my fault.,cyberbullying
Imagine listening to trevor Noahís ìcomedyî,cyberbullying
Imma do this man thatís funny,cyberbullying
"Immature Kid, don't know what she wants ??",cyberbullying
IS HE WATCHING ALWAYS HIS FACE LIEK THAT SO SCARY LIKE TF,cyberbullying
Is she crying or laughing tough to say with fillers.,cyberbullying
Is she dancing or walking? Confused...??,cyberbullying
Is she stripping or what? The hair thingy and the walk???? Ew?? ??the focus is supposed to be on the dress but she's trying to pull the attention to herself,cyberbullying
"Is there any sense in her talk man , it's just a nonsense mindset brooooooooooo??",cyberbullying
Is this ramp walk or something else ????,cyberbullying
Is this supposed to be funny? ??,cyberbullying
isnít that the cultural appropriation he was bitching about not too long ago?,cyberbullying
Isn't it racist to use other people's accents as a joke?,cyberbullying
It feels as if janhvi is jumping or something ??,cyberbullying
It looks like Jahnvi Kapoor is in hurry. she's trying to run????,cyberbullying
Itís good to know Trevor Noah is not funny in any accent.,cyberbullying
Itís good to see people see what youíre average attractive women is like: a liar ?????,cyberbullying
It's always the guys who seems all funny on tv but in reality their personality sucks ???????,cyberbullying
"It's bad""",cyberbullying
Its cuz her mouth is freakishly wide lol,cyberbullying
Its like comparing maruti suzuki to Ferrari.??,cyberbullying
"It's racist for a white guy to voice apu from the simpsons, but this is OK.",cyberbullying
Jahnvi is nothing but a elite escort ????,cyberbullying
Jahnvi should loose some weight.,cyberbullying
"Janhavi,s walk is very very funny ???????????????????????????????????????????????????????????????????????????????????????????????????????????????????????????????????????????????????????????????????????????????????????????????????????????????????????????????????????????????????????????",cyberbullying
janhvi full on attitude,cyberbullying
"Janhvi walks terribly but her personality is POWERFUL and makes her unique... she is an actress NOT a model and for the catwalk her personality is more than enough... the other girl is a model but NOT an actress although she has done reality shows she is fatal on camera and the DIFFERENCE... APPLAUSE FOR JANHVI A LOT OF PERSONALITY""",cyberbullying
Janhvi was being over confident,cyberbullying
Janvi don't know how to walk she is moving hips shoulder and chest like wtf ia that ??,cyberbullying
Janvi has done nothing to earn a catwalk. Nothing. Woman can barely act.,cyberbullying
Janvi is very bad,cyberbullying
Janvi Kapoor is a total wastage in Hindi Cinema.,cyberbullying
Janvi little over,cyberbullying
"Janvi should not be there in the first place ,she is not a model nor a great actress I don't get the hype around her, she is a nepo kid+no talent in the field she is working in, I hope modelling agency gives space for actual talented models instead of these useless nepo kids",cyberbullying
Janvi wtf was that walk??,cyberbullying
Janvi's dress is not good,cyberbullying
Jesus Christ heís terrible,cyberbullying
"Jhanavi is like old tipper lorry , struggling lift the loads,another one is volvo...what a pickup ...what a body,shape",cyberbullying
"Jhanvi does not have the figure , or grace of a cat walk model...!",cyberbullying
Jhanvi funny????,cyberbullying
Jhanvi is a joke,cyberbullying
Jhanvi is doing over acting,cyberbullying
Jhanvi is just junk,cyberbullying
Jhanvi is just kylie wanna be.,cyberbullying
Jhanvi is so cheap,cyberbullying
Jhanvi is YUCK ??????,cyberbullying
"Jhanvi looks fat, Kendell is slim & taller than jhanvi ?? copy cats never look the same. There R always some mistakes or cartoon moments ????",cyberbullying
Jhanvi looks so stupid,cyberbullying
jhanvi she is just showing her front part ??,cyberbullying
Jhanvi should really stop making a fool out of herself in the name of modeling.. its very embarrassing to watch. Lol,cyberbullying
Jhanvi walk is not all proper for ramp,cyberbullying
Jhanvi walking with attitude thinking shel trend next Ö boy did she trend for this walk ??????!!!!,cyberbullying
Jhanvi's hands movement  ??,cyberbullying
Johnny is the better actor.yes.,cyberbullying
Johnny is.narcisstic he can illusion the whole world. I ve seen Victims ans they behave like Amber. ,cyberbullying
Just brutal. She has really the worst personality type for being cross-examined. Seeing her get caught in so many lies but then still doubling and tripling down.. it really paints a picture.,cyberbullying
Kendall is a professional model but janvi don't evan know how to copy walk thay better choose an model for this project silly??,cyberbullying
Kendall look alike mermaid in this costume n walks like a pro but jhanvi like a huge baggage just rolled on the floor ????,cyberbullying
Kendall's walk is calm with a long stride...Jhanvi is trying but doesnít look elegant because of her movement??,cyberbullying
Kinda scary..,cyberbullying
"Last Women Weapon _"" TEARS """,cyberbullying
Laughing at court yet gets abused by wife at home????,cyberbullying
let her in a rapist jail for one day...,cyberbullying
Level of stupidity ??,cyberbullying
"Liar, gold digger,  abuser.",cyberbullying
Listen then i will also hate u get lost,cyberbullying
Literally on FACE you can see he is liar and fake person. That fake and loud smile of his.,cyberbullying
Lmfao Burn the witch lmao,cyberbullying
Lol shes such a terrible actress its insane.,cyberbullying
Lollol,cyberbullying
Lol??????,cyberbullying
Look at the orginal one and then it comes jahnvi it's clear that jahnvi was jumping,cyberbullying
Looking at jhanvi's legs...she doesn't even know how to walk properly,cyberbullying
Looking like pornstar,cyberbullying
Money cannot buy talent we should be happy for what we have ... instead of copying others ??,cyberbullying
most unfunny so called comic ever,cyberbullying
My mummy hate u,cyberbullying
My sister dislikes this guy with passion lmfao.,cyberbullying
Nepotism ? ,cyberbullying
Nepotism at its peak??.,cyberbullying
Nepotism only,cyberbullying
Nepotism ??,cyberbullying
no beauty no brain,cyberbullying
No clarity in life,cyberbullying
"No figure like w model, don't know how to do catwalk. She still thinks she is a model????????",cyberbullying
NO ONE TAUGHT THIS GUY TO BE A REAL MAN!!!!!!! DISGUSTING ASF???,cyberbullying
Noob is always a noob,cyberbullying
Not even a joke fuck u,cyberbullying
Not funny AT ALL!??,cyberbullying
not funny. accent sucks. race baiter,cyberbullying
not good in Scottish accent as well as anything else,cyberbullying
oh gawd i remember now her fkn always looking at the jury shes so nasty,cyberbullying
Oh Kendall only become a model becz her sisters Kim's video went viral no one would know Kendall otherwise,cyberbullying
"Oh sure, but when I do that at the Chinese restaurant, it's racist! Double standards man.",cyberbullying
OMG...IM SCARED GUYS..,cyberbullying
Original is the best she is the biggest copycat but not more than jennie ??????????,cyberbullying
Overacting ??,cyberbullying
Overconfident JHANDI,cyberbullying
Oversize jahnvi,cyberbullying
People like her are ruining the society,cyberbullying
People rly hate this guy lmao,cyberbullying
"People saying *it's unfair to compare a model and an actress* ?????? bruh an actress shouldn't even be modelling in the 1st place, its unfair to all the models who learn those walks, maintain their routines and follow all plans.. and in the end, an actress leads the show ????",cyberbullying
Perfect example of hookers ????????,cyberbullying
"Plastic Kapoor?""",cyberbullying
Plastic surgery????????,cyberbullying
Platypus ,cyberbullying
pretty child star grew up to be a crazy asshole? WHAT?!?!?!???,cyberbullying
Professional victim.,cyberbullying
Professionals are great. Janhvi is nothing...,cyberbullying
Pseudo Feminist mindset ??,cyberbullying
REAL FACE OF THE MONSTER ????,cyberbullying
Really happy that she got exposed for the abuser and manipulative women she is.,cyberbullying
Really mental??,cyberbullying
Red flag ?? ? red forest ?,cyberbullying
"Rich peoples, lawyers ???? disgusting",cyberbullying
Right wing tears all over every Trevor Noah video??,cyberbullying
Rot in jail pookie ??,cyberbullying
Ryan and Blske misses are trash (typical lefties),cyberbullying
Ryan is a immature bully he was a peer at school he was a huge predator of harassment,cyberbullying
Ryanís a glorified clown and money doesnít buy class.,cyberbullying
Seriously? What's the funny part?,cyberbullying
Shaking plastic boobs wasn't worth it try something else jhanvi,cyberbullying
Shame on these types of filthy and greedy woman ??,cyberbullying
She can't copy krndall's walk,cyberbullying
She can't even walk like a proper model lol,cyberbullying
She copied her mom,cyberbullying
She couldíve practiced her walk before embarrassing herself like this. Her arms are in the air.,cyberbullying
She deserves an Emmy Award for this video. Good actress.,cyberbullying
She deserves jailtime,cyberbullying
She dont know how to do ramp walk,cyberbullying
She graduated from Bollywood.,cyberbullying
she is a best plastic surgerry outcome??,cyberbullying
She is a narcissistic psychopath. How can you hurt the person you are supposed to love so bad that they wonít ever look you in the eyes again? Plus she did the white powder on stand!,cyberbullying
She is a terrible actor,cyberbullying
She is acting over that's why,cyberbullying
She is an awful person and a terrible actress,cyberbullying
She is awful. Boring and dishonest. And absolutely very unattractive.,cyberbullying
She is fake..remember the fake cry after trump start deporting .soo fakeee cry,cyberbullying
She is gold digger,cyberbullying
She is instable,cyberbullying
she is making a joke out of herself,cyberbullying
She is nothing without plastic surgery and nepobackground??.,cyberbullying
"She is over confident,over acting, over shaking this video is real definition of how noob and pro look like ??????????",cyberbullying
She is playing victim by acting??,cyberbullying
She is so dramatic tho,cyberbullying
She is still the most hated actor in Hollywood ????,cyberbullying
She is stupid,cyberbullying
She isn't able to carry her body n boobs as the whole body is shaking too much to handle.,cyberbullying
She looks clumsy,cyberbullying
She looks like Ursula( The Little Mermaid),cyberbullying
She loves BDSM ????????????.......,cyberbullying
She low-key looks like she's about to fall ??,cyberbullying
She needs a chad who is bad to others and good to her,cyberbullying
She needs a dog and to train ....????,cyberbullying
She needs therapist,cyberbullying
She needs to fix it,cyberbullying
She needs to learn how to walk,cyberbullying
She needs to work on her weight... Models nowadays are supposed to be slim,cyberbullying
She not model Bad wak,cyberbullying
She not walking ?? she running  actually ??,cyberbullying
She represents all narcissists women out there,cyberbullying
She took acting so seriously that now she thinks like in a movie????,cyberbullying
She us looking like a duck walking on stage,cyberbullying
She will do it again....it's in her DNA ??,cyberbullying
Sheís sooo stupid Rolf,cyberbullying
Sheís the utter disgrace to womankind,cyberbullying
she'll never be able to even match a step with kenny,cyberbullying
She's a clown,cyberbullying
She's a gold digger,cyberbullying
She's a narcissist who needs constant attention. Her recent actions prove this.,cyberbullying
She's an idiot,cyberbullying
She's dancing or walking,cyberbullying
She's dumb not a model and can't walk properly,cyberbullying
She's evidently a fake ...what a evil woman,cyberbullying
She's in a hurry to get pani-puri ??????,cyberbullying
She's trying so hard to cry being sympathetic to Johnny but it comes across as so fake She's seriously bad news,cyberbullying
Shit,cyberbullying
Shut up,cyberbullying
"Shut up,, u are trying to get validation ur crap",cyberbullying
sit down clown,cyberbullying
"Smokin' hot and the ""crazy"" is off the charts.  She has to be unbelievable in bed.",cyberbullying
Snake,cyberbullying
"Some people are saying we can not compare a model to actress.I do agree with that , but she's not even a good actor",cyberbullying
Someone should have told her to walk not jump,cyberbullying
Sounds like shrek,cyberbullying
Sreedevi jiís daughters are an embarrassment to their late mother. Sreedevi ji was a beautiful and talented actress and dancer but her daughters are not as talented as her. There will only be one sreedevi ji.,cyberbullying
Such a creep !,cyberbullying
Such a disgusting weird animal I can't even call him an human,cyberbullying
Such a shame to sridevi jhanvi??,cyberbullying
Such liers shame on them ??,cyberbullying
Taeil time to go to jaeil!! also he looks creepier than the monster under my bed,cyberbullying
TAEIL YOU CREEP????,cyberbullying
"Taeil? Nah, more like Jaeil! He is disgusting...",cyberbullying
telugu girls are idiots,cyberbullying
Terrible,cyberbullying
That walk is ugly ??,cyberbullying
That walk just looks terrible,cyberbullying
"That was public shame, i remebered cersei's walk of shame",cyberbullying
that was quite scary ??,cyberbullying
Thatís insulting and also bigoted. Use the accent you were born with. If I did that to you youíd fall apart.,cyberbullying
"That's a terrible walk, but janvhi is not a model, and she looks like her legs were probably not long enough to pull that off",cyberbullying
That's not cat walk??????????????,cyberbullying
That's what I said katrina' s acting is great....‚ù§‚ù§,cyberbullying
"Thats why one shouldnt mindlessly try to copy""",cyberbullying
the evil profile op??,cyberbullying
The fact that this guy makes a living out of comedy blows my mind.,cyberbullying
The first girl's body is not suitable for fashion shows.,cyberbullying
The guy is a wanker but the poor fellow did have to date the one album wonder and talentless Alannis Morissette,cyberbullying
The most dumbest walk I have ever seen ????,cyberbullying
"the most evil bitch iv ever watched on the stand, acting from word go, ????????????????????real evil cunt.",cyberbullying
The most vile woman on earth!!,cyberbullying
The only mental illness she suffers from is being narcissist and manipulative person and playing victim/24/7 get some help,cyberbullying
The problem with his character is that he stars in great films but his actions towards others are unbelievably disrespectful he's mean rude he's out of context he's like a wolf in sheep clothing,cyberbullying
The walk looks so bad I'm sorry,cyberbullying
The way I cackled out loud???????? why was he looking like that tho?????,cyberbullying
The way she turns into an alien when she fakes to cry is seriously concerning. Not a shred of remorse or accountability... Well at least she would probably kill it on ÿF.,cyberbullying
The way she's trying to walk ????  she ruined her own style ????,cyberbullying
Thee worst put on Scottish accent I've ever heard ??,cyberbullying
There is nothing funny about this guy ,cyberbullying
These accent jokes are getting old,cyberbullying
These two very nasty ppl reproduced.. think about that ?????,cyberbullying
They are both nepo baby and crap model why do u compare two garbage??,cyberbullying
They think if they became actresses they can be models ?? I saw lot of indian actresses walk like speedy trucks not like models??,cyberbullying
"This demon needs to be locked up longer! Throw away your merch, girlies!!!",cyberbullying
This dude so fucking unfunny,cyberbullying
this girl is a red flag,cyberbullying
This girl should have been removed from the Hollywood Forever!,cyberbullying
"This Girl will end her life by becoming Feminist who says all ""boys are the same"".",cyberbullying
This guy is overrated....leftist / woke,cyberbullying
This guy is painfully unfunny,cyberbullying
This guy is such an unfunny douchebag,cyberbullying
This guy isnít funny.,cyberbullying
This guy isnt funny.,cyberbullying
This guy just isn't funny.,cyberbullying
This guy never fails to *miss*,cyberbullying
This is anti-comedy,cyberbullying
This is basically just being a racist dick around the world. I wonder why he gets away with it?,cyberbullying
This is how i walk when i have to use the restroom fast ??,cyberbullying
this is so creepy and scary??????,cyberbullying
this is terrible,cyberbullying
This is the prime example for don't judge a women by her dress ??.,cyberbullying
This is what happens to women who want to empower themselves!,cyberbullying
This is why chapris has more gf ??,cyberbullying
This is why people don't like Americans,cyberbullying
"This type of women are really horrible, for the women who are actually victims.",cyberbullying
This woman is vile.,cyberbullying
"Those arms are swinging too much girl, it looks so bad ??",cyberbullying
Those cut scenes are worse than cancer and famine combined.,cyberbullying
To the streets this horrid woman belongs ..,cyberbullying
Too bad he just isn't funny...,cyberbullying
too much hand movement,cyberbullying
Too much hand movement miss jhanvi plastic,cyberbullying
Total psychopath,cyberbullying
Trevor Noah should be locked up for crimes against comedy.,cyberbullying
Trevor Noah sucks. Heís not funny and what was John Stewart thinking?,cyberbullying
Truth. RYAN REYNOLDS is a true psychopath and his flake of a wife is a sociopath,cyberbullying
Typical narcissist,cyberbullying
U suck,cyberbullying
Virat kohli......sorry bro,cyberbullying
vulgarity,cyberbullying
Walk just like a snake ?? ??,cyberbullying
Walkin like she's drunk,cyberbullying
Wanting a bad boy is just fatherless behaviour. Lack of parental guidance.,cyberbullying
Was not expecting that accent to come out of his face lol,cyberbullying
Watching this after the crying video she posted?? sheís a liberal clown,cyberbullying
We love captain sparrow so amber you have to look where you can steal money without work,cyberbullying
Well she is not the greatest in the acting department,cyberbullying
What a liar the B is!,cyberbullying
What a spoiled brat.,cyberbullying
What is wrong with her teeth?!?!?!?,cyberbullying
When u eat vada pav and samosa before ramp walk ??????,cyberbullying
Where was the joke? That wasn't funny,cyberbullying
Where's the comedy?,cyberbullying
Who are the ppl that made this idiot rich?,cyberbullying
Who gives a fuck,cyberbullying
who is booking him and giving out gigsÖ,cyberbullying
Who tf even watches this guy,cyberbullying
Why all cancerian woman sound this,cyberbullying
Why don't you just stay in your own fucking country you dirty rat,cyberbullying
Why is she flailing her hands like that? Was she trying to fly?,cyberbullying
Why is this guy so unfunny and he is everywhere,cyberbullying
Why lee da hee made her nose look like lord voldemort ??,cyberbullying
Why she's jumping like a kangaroo ??????,cyberbullying
Why the hell is she literally bouncing ????,cyberbullying
Why's fatty on rampwalk?,cyberbullying
"Will ya look at that!!!  A Talking AZZZZ   WHOLE!!!! Failed fake news talking head , now doing commercials and stand up??? ??head  ??!!!",cyberbullying
Willy from simpson lol,cyberbullying
Women are generally speaking so damn poisonous!,cyberbullying
Worst walk,cyberbullying
Wow her acting is absolutely atrocious!,cyberbullying
Wow what a racist!,cyberbullying
"Wow, that's incredibly racist.",cyberbullying
Wtf ??  he's cheap version of yg disgusting ew,cyberbullying
"Wtf, that wasn't good at all",cyberbullying
Wtff his expressions are soo disgusting you can see the monster in him!!,cyberbullying
Y janvi needs to do ramp walk when there sre good models. These nepo kids want to try everything. They doesn't know the value of opportunity. If she really wants to use opportunity she should atleast practice with models.,cyberbullying
Ya Allah i am seriously getting heart wretched ?? after watching this Monster chiii ewww i want to put Whole Zam zam bottle in my eyes,cyberbullying
"Ya saying youíre from Scotland to a local Scottish individual is a dead give away. Thatís the same as an American asking you where are from (assuming youíre from their country) and you just saying America. HORRIBLE way to start off a joke. You lost everyone after that, well at least the educated ones. This guy is such a POS.",cyberbullying
Yes jhanvi is a big copy cat of Kardashians,cyberbullying
You have a bad South African accent so all your other ones are just progressively shittier,cyberbullying
YOU MONSTER ????,cyberbullying
You would get yer cunt punched in for acting like a dick er here fir doing that,cyberbullying
Your a racist,cyberbullying
Your accents ??????,cyberbullying
yuck,cyberbullying
?????? not graceful,cyberbullying
?????????????? cartoon,cyberbullying
Can't copy ????? can't even walk properly ?? ????,cyberbullying
Why would you compare a third grade actress with a professional and trained model? ???????????,cyberbullying
Dynosor walk ??,cyberbullying
Her walk is hilarious ??,cyberbullying
The first girlís walk is a disaster. Even everyday walk look better than that. She canít ever control her posture and donít even know how to normally walk on heels let alone a model walk,cyberbullying
"Too much drama.""",cyberbullying
?? trying hard  to be Kendal Jenner ??but unfortunately turned up as a clown ??,cyberbullying
She is flaunting her figure which is looking so bad??,cyberbullying
"""Ok lets remind you"" is just brutal hahahahah Such and amazing lawyer she is.",not cyberbullying
...She just showed the world beyond her mask no one else sees and thats really brave!!! ??,not cyberbullying
ìYou can have everything but still be brokenî some really amazing wisdom,not cyberbullying
? good point!,not cyberbullying
"? You are just Super awesome and gorgeous person, i just love all your songs  ?? my favorite is ""That same old love""??",not cyberbullying
? you lady! God bless you! ???????????????,not cyberbullying
??? perfect Answer,not cyberbullying
?????good girl a Nice video,not cyberbullying
?bravo,not cyberbullying
"? Master your emotions, and the world canít control you. ??",not cyberbullying
100% legit,not cyberbullying
1st time looking at a guy speaking like that...he is ??,not cyberbullying
A lot of it for the most random reasons.,not cyberbullying
"A lot of speculation,  who tf are all these people,  Reynolds is awesome,  hes got the right to be an asshole,  its Hollywood,  they're all assholes ????????",not cyberbullying
A real person with courage and integrity!,not cyberbullying
"Actors shouldn't be modelling and if they do maybe they should learn first, nothing wrong with that ?????",not cyberbullying
"Actress are just actress not a model , model hits different ????",not cyberbullying
actually he is really funny,not cyberbullying
Actually it's her lipstick which actually ruined everything üòÇüòÇ,not cyberbullying
Actually liked the copy to be honest besides the hair flip and so on but sheís not a model anyway so she wouldnít be as stiff as Kendall.,not cyberbullying
Actually she walks better ????,not cyberbullying
Actually true. Really Liked what she said.,not cyberbullying
"After these speech she released so many song of her story like Love you like a song, feel me and many other was satisfying me with it and i proud of her, she's strong woman and mind ?? loved it her",not cyberbullying
Ahh... Would be fun if he could come to Malaysia and do this...,not cyberbullying
"All these Instagram HOWS, you need to listen!!!",not cyberbullying
"Always been a fan of her!!!""",not cyberbullying
Am I the only one who thinks jhanvi slayed the walk ??,not cyberbullying
Amber Heard is NOT lying... Y'all little pathetic a$$ just gotta make the men innocent just because he's handsome and Famous..,not cyberbullying
Amusingly amazing!!,not cyberbullying
"And that is why shes always been one of my idols. As someone that as struggled with my health, and self worth over the years, i finally am learning to be more accepting of myself and to love myself the way i am",not cyberbullying
Anyone whos hating on this man in the comments how many people show up to your comedy show?,not cyberbullying
Anyone with a brain who watched the trial(not the stupid unfunny memes) would know johnny is guilty.  Ya'll are disgusting making fun of a women who's a victim of abuse and sexual assault,not cyberbullying
Are she is doing her own way... fabulously why comparing,not cyberbullying
Are u really comparing actress with model ?? That's not fair ??,not cyberbullying
Aww Selena ur words mean so much to me right now.  Your braver then you no it I wish you many more  blessings in life. Iím a text away ????,not cyberbullying
Be brave don't give up...,not cyberbullying
"Be glad youíre away from a man who wouldnít protect you. He threw you under the bus!""",not cyberbullying
Beautiful lady inside and out,not cyberbullying
Beautifully said,not cyberbullying
Beauty with brain ??????,not cyberbullying
Because she have her own style,not cyberbullying
Best comedian ????????,not cyberbullying
Best speach ever. Thank you. Young peps. Love is best.,not cyberbullying
Best video I've watched today??,not cyberbullying
Better and sexy than Kendall,not cyberbullying
Bless her sweet little heart ????,not cyberbullying
Bless you sweet girl,not cyberbullying
boss lady ????,not cyberbullying
Both did a great job,not cyberbullying
Both did good and please stop comparing ??,not cyberbullying
Brain with beauty ?,not cyberbullying
BRAVO ??,not cyberbullying
Bravo. Selena is a really sweet lady.,not cyberbullying
Bro is real alpha man??????????,not cyberbullying
Bro they earn my money from brand endorsement so this there source of earning problem in us who trust them blindly,not cyberbullying
broken keep bring back to together...healing..true happiness,not cyberbullying
Bruh can't you just .....like no need of explanation...she is lowkey to copy kendall...like just not her ??,not cyberbullying
Btw Janvi there copied her mother and even she is not a professional model..you cannot compare them or blame her..,not cyberbullying
But  jaanvi is more cute n beautiful,not cyberbullying
But Janhavi is too hott ??????????,not cyberbullying
But jhanvi hitss differentt ?,not cyberbullying
But one thing is common and that is NEPOTISM...??,not cyberbullying
camille will be my lawyer from this day forward. stoic as hell. didnt faulter. take my money please!!!!,not cyberbullying
Careful guys..either fall for the looks or either for the right one..both have  consequences..lovely family is warm.,not cyberbullying
Champion!,not cyberbullying
"Come on A Model is a Model, Actress can't beat them",not cyberbullying
Come on jhanvi looked sexy here.,not cyberbullying
Communication skills ? Radhe ? Radhe,not cyberbullying
Confident Queen ??,not cyberbullying
Damn girl u are born a legend......,not cyberbullying
Damn people are really hating on this guy. I thought it was funny,not cyberbullying
Damn she nailed it,not cyberbullying
"Definitely a great Miss World.""",not cyberbullying
"Depp's Lawyer fights her like its personal, awesome.",not cyberbullying
Disney is spiraling down after Depp left them. And sincerely hope Depp not go back. Disney doesn't deserve to have him back. And.... Good bye Amber. I will not see you again forever in big screens.,not cyberbullying
Do not blame on her?? it's not the same it's so different,not cyberbullying
Don't compare and discourage,not cyberbullying
Down to earth,not cyberbullying
Dude it's different ??,not cyberbullying
"Even according to me she has worked in best meaningful movies ??""",not cyberbullying
"Everybody on this channel seems to bitch about bits being unfunny, and are totally missing the nuanced humor of actually seeing the world. Go touch grass, then you'll get it. Very funny bit.",not cyberbullying
Everyone does bad things. Focus working on yourself so YOU can do better. Stop picking on people because of the bad things they do. You need to stop. No one deserves hate. I pray he gets therapy and learns from this. You're no better.,not cyberbullying
Everyone has their own style   and jhanvi carried well,not cyberbullying
Everyone is good at their place ??,not cyberbullying
"Everyone is saying nepotism,but why didn't anyone think she might be called by the designer to lead the show, which means she doesn't want to do modelling but offered to do it with payment??her walk is not good for an actual modelling but it still looks good to me.",not cyberbullying
Excellent inspiration for aspiring Hollywood types like myself!!!?????,not cyberbullying
FACTS...????????? LOVE U BABYGIRL,not cyberbullying
Family and friends around her were helping and supporting her. If not she will be .....??,not cyberbullying
Fantastic awesome ?,not cyberbullying
Fantastic ??,not cyberbullying
"For being an actress, she is doing it so well ??.. remember she is not a model",not cyberbullying
For godsake kendal is a supermodel dont i repeat!!!!!! DON'T COMPARE HER WITH JANVI. Both of them belong to different fields,not cyberbullying
Funny as hell,not cyberbullying
"Genuinely, heartfelt and perfectly spoken",not cyberbullying
Glad that she finally got someone who will never let her be broken again ?,not cyberbullying
Go girl!?,not cyberbullying
Go out and do what makes you happy ,not cyberbullying
God created a masterpiece ??,not cyberbullying
"Good man ??????""",not cyberbullying
Good one,not cyberbullying
Gorgeous and smart ?,not cyberbullying
Gosh..... I really want this type of confidence and communication skills......I Love U Priyanka......???,not cyberbullying
Great I love you sweet video ?????,not cyberbullying
Great job girl...powerful legend ?,not cyberbullying
Great message,not cyberbullying
Great respect from Edinburgh Scotland...you are a very special human,not cyberbullying
"Great Words of Wisdom. , may God bless you and keep you in his care  and bless you and your family safe ,healthy and that you prosper in Every part of your life with",not cyberbullying
"Gurll ate n left no crumbs ???""",not cyberbullying
Hahahahahaha,not cyberbullying
Happiness is a mind set ??,not cyberbullying
He ate and left no crumbs ??,not cyberbullying
He has a fun and spontaneous side to him ,not cyberbullying
He is just too cute... Can't resist,not cyberbullying
he took'it back ?? mother???land??,not cyberbullying
Her confidence level is next level ?,not cyberbullying
Her expressions ??,not cyberbullying
Her eyes say it all<3,not cyberbullying
Her fashion sense is spot on.. ??,not cyberbullying
Her presence of mind and the way she answers it's  always admirable ??????,not cyberbullying
Her skills?,not cyberbullying
Her words are more beautiful than ANYTHING visual !!!,not cyberbullying
Her words come through the bottom of her heart purified by the right thoughts ?.,not cyberbullying
He's lucky he got out alive...,not cyberbullying
He's really good at accents.,not cyberbullying
How cute is he!!!,not cyberbullying
"How extremely awful for this lovely man to have to challenge this peice of work. The man for his entire life, has kept his life private. And he has to be humiliated by this woman who he apparently hadnít known what a deceiving,cruel, heartless person she was.",not cyberbullying
Howís that copying? Literally how all models walk the runway.,not cyberbullying
I  can read all inside ?,not cyberbullying
I admire her bc of her mind set,not cyberbullying
I also want the Confidence??,not cyberbullying
I am not a big fan of jhanvi kapoor but Kendall Jenner is a model you can't compare it with an actress. You cannot expect Kendall Jenner to be a great actress likewise you cannot expect jhavi to be better than Kendall or as good as Kendall,not cyberbullying
I appreciate all of them please dont compare anyone jahnvi is a good actress...n Kendall she's a goddamn prof model for years,not cyberbullying
I bet Elon will have to pay her someday,not cyberbullying
I did not like janvi's walk that much  ( what else do you expect she's an actress not a model) but how the hell is that a copied walk,not cyberbullying
I do that it's so much fun,not cyberbullying
"I do this on accident. I travel alot, because I'm in the Army and if we are there long enough , I'll start copying the foreign accents I'm different areas",not cyberbullying
I do this too omg ??,not cyberbullying
I donít care if she doesnít copy right.  Both ladies look gorgeous!  ??,not cyberbullying
I don't know why people are hating janhavi she is the very best in what work she did till today. ,not cyberbullying
I don't understand a thing.. why can't she atleast lie properly.. ??????,not cyberbullying
I don't understand why people are so hateful to him . He's one of the funniest comedians I've seen and I've seen quite a lot of em (not in person obviously),not cyberbullying
I don't understand why the comparison. Each woman is extremely accomplished jhanvi has curves so to you it's a flaw ... Some people don't realise that you should support woman not tear them down???,not cyberbullying
"I feel happy people still appreciate good soul but its after once you successful, but when you are painful that time you are alone",not cyberbullying
I feel like jhanvi could do better but the problem was her dress and she wasn't confident enough,not cyberbullying
I feel they were both guilty,not cyberbullying
I find Trevor Noah incredibly funny. Idk why there's so many haters.,not cyberbullying
"I guess growing up,  speaking 4 or 5 languages is a bit of an advantage ????""",not cyberbullying
"I have so much respect for her. I can't wait for her wedding.  She deserves the world and with benny, they show true love ??",not cyberbullying
I like her attitude ?,not cyberbullying
I like her casual attitude ????,not cyberbullying
I like her sense of humor?Priyanka ?,not cyberbullying
I like Jhanvi's performance. People criticize her just bcoz she is a nepo kid.,not cyberbullying
I like this guy is funny ????,not cyberbullying
I liked it she is not a ramp walk artist she is an actor nd she did best for other profession too,not cyberbullying
I love her confidence and communication skills ?,not cyberbullying
I love her energy she has her own pesona,not cyberbullying
I love her for her confidence n simplicity???,not cyberbullying
"I love her intelligence, in all the interviews the way she replies is amazing .",not cyberbullying
I love her she's so inspiring,not cyberbullying
"I love her so much, she's so perfect, and confident ?",not cyberbullying
I love her talk?,not cyberbullying
I love her?,not cyberbullying
i love jhanvi,not cyberbullying
I love Selena so much! She's such an awesome person. ? I'm happy she raises awareness about different mental health things.,not cyberbullying
I love that she make sense ???????,not cyberbullying
I love youer werds??you are a beautiful soul that's what counts blessing,not cyberbullying
"I really like this guy, and he's a cutie.",not cyberbullying
"I think for those who hate the joke, they need to understand it first! I mean it wasn't that funny, but i don't understand why it should elicit hate responses!",not cyberbullying
I think heís a freak and a weirdo. Glad sheís free of him!!,not cyberbullying
I think janvi is better,not cyberbullying
"I think Jhanvi Was Hot ??????""",not cyberbullying
I think Johnny is now dating Camille hehe. What a great team he had. I still watch these because the case was the funniest ????,not cyberbullying
I think kendall was nervous and jhanavi had attitude and confidence,not cyberbullying
I think she is just so simple. So empty inside.. she is got nothing to offer,not cyberbullying
I think she killed it more,not cyberbullying
I will always love Seo Yeji. That woman doesnít deserve all the hate she got,not cyberbullying
I wish I could have half of her communication skill,not cyberbullying
i wish i didnt kno how u feel??but i do... healing takes time,not cyberbullying
I would like to see you speak in south Indian accent.,not cyberbullying
"Iím actually with Amber on the pictures issue, dealing with alcoholic is hard",not cyberbullying
"if u realize there is no way of winning start cry, best tactic everytime",not cyberbullying
"If you compare two different people, one is an actress and one model tow very different people, so it is not fair and right that you are comparing them ??",not cyberbullying
"It is her own style""",not cyberbullying
It was just part of acting,not cyberbullying
itís a catwalk? and plus sheís an actress so why are you comparing?? ??,not cyberbullying
"Itís funny how so many people say heís not funny and have never found him funny but theyíre watching a video and commenting on a guy that they already believed to be terrible. Two, there are a bunch of people who say that his accent is spot. How can that be when there are so many people who suggest that heís not good at what he does?",not cyberbullying
Its not about comparing. Instead of trying so hard and looking ridiculous Janvi shouldve just walked modestly and it would look 100X better,not cyberbullying
It's not copy.. it's different,not cyberbullying
It's totally different style don't copied ???,not cyberbullying
Jahnvi did better,not cyberbullying
Jahnvi did pretty well modeling ?? ?,not cyberbullying
Janhavi is better than original,not cyberbullying
Janhvi Kapoor was amazing as being an actress but yet was compared to a Model she didn't even try to copy??,not cyberbullying
Janvhi tried her best ,not cyberbullying
Janvi is looking better,not cyberbullying
Janvi kapoor looks beautiful and confident confident,not cyberbullying
Janvi ur the most best actor in the world let ppl say wat they want but believe me ur the goat !,not cyberbullying
Jeez... Y so much hate for Trevor tho?,not cyberbullying
Jhaani is not a model she is an actress so why to comparw her walk with Kendall,not cyberbullying
Jhanvi actually slayed ,not cyberbullying
Jhanvi have a south Indian curve which make her look more stunning.... People should stop complaining and also see the efforts ?????,not cyberbullying
Jhanvi is better,not cyberbullying
Jhanvi is not a model she is a actress so don't compare,not cyberbullying
Jhanvi looking better than Kendall,not cyberbullying
Jhanvi looking too much beautiful then other one,not cyberbullying
Jhanvi slayed ???,not cyberbullying
Jhanvi was doing very good.........???,not cyberbullying
"Johnny classic, he decided to hire a female lawyer to discredit amber",not cyberbullying
Just great ?????????,not cyberbullying
Just the confidence in that answer and the advice that it tells everyone. Powerful,not cyberbullying
justice for Seo Yea-ji !!!! even her ex said she is not responsible for his behavior on set and that it was due to mental health. why do ppl keep putting back on the woman even after the man claimed full responsibility???,not cyberbullying
Keep shining.,not cyberbullying
Kendal Jenner best ??,not cyberbullying
Kendall is a model and Janhvi is an actress. How can u compare a professional models walk to an Actress's ??,not cyberbullying
Kendall is better.,not cyberbullying
"Kendall isnít even that good yet sheís been modelling, yet jhanvi strutted with so much style and pizzazz ??",not cyberbullying
Kendall Jenner is a Model but Jahnvi is an actress. How can u compare a model with an actress ?plus Jahnvi did not try to copy.She Slayed in her own way ????,not cyberbullying
Kendall Jenner is so amazing,not cyberbullying
kendall jenner love herrrr she is the best kardashian sis,not cyberbullying
Kendall was born to slay ??????????,not cyberbullying
kendalll slayeddd,not cyberbullying
Kind of sounded like norce for a bit ngl,not cyberbullying
Kudos Beautiful One??,not cyberbullying
Let her not copy..she is doing in her own way,not cyberbullying
Like your accent young man. Keep posting,not cyberbullying
LOL THEN U GO TRY IT ALSO SHES NOT A  SUPERMODEL LMAO ALSO U TRY IT IF I LOOKS THT EASY TO U ?????????,not cyberbullying
Look beautiful ?,not cyberbullying
Looks cute to me.,not cyberbullying
Love her look here,not cyberbullying
Love her! Sheís real!,not cyberbullying
"Love this message. We live, we make mistakes, we experience, we learn, we grow and hopefully we become better people and learn to love and take care of each other.?",not cyberbullying
Love this person so much ,not cyberbullying
Love this! She looks so beautiful too.,not cyberbullying
"Love this! ?? I share powerful motivation for women stepping into their purpose, come vibe with us. ??",not cyberbullying
"Love, love, love her ??????",not cyberbullying
Luv this real talk,not cyberbullying
"Man, whatever Johnny Depp paid for his Lawyer, she was worth every damn penny",not cyberbullying
Maybe Amber isnt but I believe her.,not cyberbullying
Maybe the thing that was missing were someone who would have cared  about you for real,not cyberbullying
"Me too, money isnt everything",not cyberbullying
Miss World ?? for a REASON ?,not cyberbullying
More  Power to you?,not cyberbullying
Most mature women ?,not cyberbullying
Ms. Vazquez has become a role model for law students everywhere.,not cyberbullying
My fame of mind is what makes my life worth living,not cyberbullying
"My prayers go to the girl who had to handle this monster""",not cyberbullying
"My respect for that guy who stood for the good boy community ?? , really she told bad boy ??",not cyberbullying
Never lose you're acent is Sexy,not cyberbullying
"ngl, she is ACTUALLY good!!",not cyberbullying
Nice guy ??????,not cyberbullying
Nice lesson,not cyberbullying
Nice. Heartfelt and sincere.,not cyberbullying
No hate,not cyberbullying
No issues she is an actress not a model,not cyberbullying
No over acting first time üòÇi like her,not cyberbullying
Now that's a classy reply.???,not cyberbullying
"Obviously she can't, she's actress not a model still she did her best  ",not cyberbullying
Oh damnn!! She slayyed it ! I love it?,not cyberbullying
"Oh darling , just can imagine what youíve been through ?",not cyberbullying
Ok now compare janvi's acting with kendall??,not cyberbullying
Ok this is just silly janvis lost her mum ... leave her alone and Kendall is only famous we all know Kardashians are only famous because kim k's sex tape went viral ... not become they were talented the world seen them grow they arent famous from scratch,not cyberbullying
OK why are people so pressed in the comments? If you didnít laugh then move on.,not cyberbullying
"Ok, but i LOVE the adam project",not cyberbullying
Omg I am so obsessed with her answer ?????????????,not cyberbullying
Omg I love rewatching this it's the best shit on youtube,not cyberbullying
Only not racist when you do it to white people,not cyberbullying
Our queen ????,not cyberbullying
Please stop hating,not cyberbullying
Pls do not compare the walk jhanvi's dress is a little bit different ?,not cyberbullying
Powerful  Speech  I Agree,not cyberbullying
Pretty,not cyberbullying
Priyanka chpra and her epic replies ??,not cyberbullying
Queen behaviour ????,not cyberbullying
Queens never be copied,not cyberbullying
REAL WOMAN is Camille Vasquez. Brilliant.,not cyberbullying
Remember! Never hesitate to Rise and Grow. @GlobalEdits07,not cyberbullying
Respect for bro ??,not cyberbullying
Respectable young woman!,not cyberbullying
Ryan Reynolds is in love with himself.,not cyberbullying
Ryan's the best ??,not cyberbullying
sass queen fr,not cyberbullying
savage queen,not cyberbullying
Scar Jo dodged a bullet and now she has a funny cute husband ?,not cyberbullying
See guys janvi kapoor is a actress and she tried to be a model it is so good but kendall jenner is a professional paid model don't compare these both,not cyberbullying
Selena climbed out of a dark place it took awhile but she never gave up on herself. A truly amazing and lovely woman. ?,not cyberbullying
"Selena, you look awesome",not cyberbullying
Send me a million and I can be happy for you,not cyberbullying
Seriously laughing hard on the cheap mentality of the people who come and criticize each and everything just sitting at their home without any worthful work. Janvi is too good on her level why to compare her with a model I mean why so much hate for her. Stop hating everything ??,not cyberbullying
She Always beautiful no matter what???,not cyberbullying
She always has the best dialoguess for real,not cyberbullying
She always quotes her words flawlessly,not cyberbullying
She ate that ?,not cyberbullying
She copied it and slayed it. ????,not cyberbullying
She defines 'aura' for a reason ??????????????????,not cyberbullying
She did a great job ?,not cyberbullying
She did better ???,not cyberbullying
She did better Don't comper with foreigners,not cyberbullying
"She did great, stop judging",not cyberbullying
She did her best ?,not cyberbullying
She did it beautifully,not cyberbullying
She did it in her own way. ? I don't know y people are doing comparison in everything.,not cyberbullying
"She did it perfectly in her own way,  deal with it",not cyberbullying
She did it well,not cyberbullying
"She did nice ,we should not pin point every single thing and stop spreading negativity",not cyberbullying
She didn't copy kendall she copied her own professional mother SHREE DEVI ?,not cyberbullying
She didn't even hesitate.... Hats off,not cyberbullying
She does not copy anyone she is learning new style of rampwalk,not cyberbullying
She has acted well,not cyberbullying
she has always been so incredibly honest and i applaud her for that,not cyberbullying
She has been very mature since Young age and her voice! ?,not cyberbullying
She has done pretty well,not cyberbullying
She has emerged through fire..,not cyberbullying
She has great communication skills!,not cyberbullying
She is a good motivational speaker. I always learn something new from her videos.,not cyberbullying
She is a model and Janhvi is actress an actress should not be compared with a model,not cyberbullying
She is a smart cookie,not cyberbullying
She is a strong woman ????,not cyberbullying
She is a true HERO?,not cyberbullying
She is amazing ?,not cyberbullying
She is best,not cyberbullying
She is better than originally,not cyberbullying
She is cute ??,not cyberbullying
She is good ..they are different,not cyberbullying
She is good by itself ??,not cyberbullying
"She is just doing what she's asked to. She's not a professional model like the other one, stop comparing everyone everytime.",not cyberbullying
She is my hero!!!,not cyberbullying
She is not even copying....her intention is not that....She is just showing her skills...,not cyberbullying
She is right.,not cyberbullying
She is so classy ??,not cyberbullying
She is so honest and confident.,not cyberbullying
she is so ICONIC,not cyberbullying
She is so pretty,not cyberbullying
"She is so simple & genuine , that we need nowadays .",not cyberbullying
She is something that no one can ever be?,not cyberbullying
She is superb?,not cyberbullying
She is wonderful ?,not cyberbullying
She knows how to use words intelligently.. A woman of intelligence ..PC,not cyberbullying
she looked fabulous in that red dress,not cyberbullying
She looks great. many can't ?,not cyberbullying
"She meant that some boys are there will pretend they are so good to you until they get what they want ,after that they will show you their bad real face.but there are some other boys who seems like they don't treat you well but actually have a good character. that's what she meant I think.",not cyberbullying
SHE MUST GIVE BACK MONEY TO JOHNY DEEP THOSE 7 MILIONS,not cyberbullying
She nailed mannnnn damnnnn??????,not cyberbullying
She never stopped being human and honestly is the most loving soul in the industry ?,not cyberbullying
She really acted like old Hollywood beauties ,not cyberbullying
SHE SAID WHAT SHE SAID !!! Thats our lady,not cyberbullying
She said what she said... Damn,not cyberbullying
She slayed ???? -pretty like hell- ??,not cyberbullying
She speaks really well,not cyberbullying
"She thought this was her acting or something?? but anyway modeling is not about who is the person is, its about how we serve the walk. It must give the elegance, powerful and confident catwalk/horsewalk. Janhvi has the attitude not the power and elegance.",not cyberbullying
She tried her best. Let appreciate her rather than comparing to the OG?,not cyberbullying
She used to be so pretty and natural ??,not cyberbullying
"She was amazing, what a lawyer!! ????",not cyberbullying
She was too pretty back then,not cyberbullying
she will be iconic forever,not cyberbullying
Sheís a brilliant person with a character rooted in honesty,not cyberbullying
Sheís a Rock star ??????,not cyberbullying
Sheís a sweetheart thru & thru with a gorgeous unique voice. First loved her when I listened & watched her video ï Just Want To Look Good For Youî,not cyberbullying
"Sheís totally right, because nobody will hit yourself itself, it doesnít matter how hard you hit , itís about how much you can take and keep fighting, how much you can suffer and keep moving forward. ????",not cyberbullying
She's DIVA??,not cyberbullying
Shes not copying she took inspiration from Kendall Jenner,not cyberbullying
She's not professional model bruhh don't compare her with kendal??,not cyberbullying
She's really smart....I really love watching short videos of her.,not cyberbullying
She's so so right. What a beautiful soul and personality.  She's definitely got it together now. ???,not cyberbullying
She's truly a human being with high Aura?,not cyberbullying
"Slayyyyy!!!!! Nitya n kiana""",not cyberbullying
"So brave , and awesome to share with us",not cyberbullying
So damn funny but he was telling the truth. Born and raised ??????????????????,not cyberbullying
So funny,not cyberbullying
So glad you are better?,not cyberbullying
So gracefully,not cyberbullying
So jhanvi kapoor is better,not cyberbullying
So strong...,not cyberbullying
Sorry but jhanvi is killing it,not cyberbullying
Stay strong,not cyberbullying
"still funny, after all these years!",not cyberbullying
Still she tried. And it was quite good.,not cyberbullying
still shi tried her best,not cyberbullying
Stop bringing down a woman to praise another woman she works hard  ,not cyberbullying
Stop comparing,not cyberbullying
"STOP COMPARING her with professional models. She's an actor for God's sake""",not cyberbullying
Stop saying bad things to the beauty queen,not cyberbullying
Stop trolling her she did the best?,not cyberbullying
Such a powerful speech,not cyberbullying
Such a smart lady... i juz lov her intelligence,not cyberbullying
Thank you sweetheart. Walked down that street couple times,not cyberbullying
"Thanks for being real! I have nothing but iam a good worker! I have that, your doing it right!",not cyberbullying
That guy is definitely a good boy?,not cyberbullying
"that guy saying ""who even watches this guy"" bro maybe i do because its funny. not like your typical type of bullshit you see everyday when looking in the mirror that gets, YOU laughing at yourself",not cyberbullying
That is soooo moving!!!! Wow!!!,not cyberbullying
That is the confidence level,not cyberbullying
that is y they are called Actors??,not cyberbullying
Thats hollywood. Glad she is good now.,not cyberbullying
"That's just a concept. It's not ""copy"" as Kendall didn't invent it and it's a popular concept. Many music videos also have this same particular scene.",not cyberbullying
Thats the Girl for THIS WORLD. Not  the FAKE  ONE.,not cyberbullying
That's their work bro we should be self aware.,not cyberbullying
That's there job....u get your mind on track and act wisely...it's not there job to take care of world,not cyberbullying
That's why I like her the most?,not cyberbullying
That's why I love her attitude ?,not cyberbullying
That's why she is one of the most successful women from india,not cyberbullying
The best,not cyberbullying
The confidence,not cyberbullying
The confidence in her is so beautiful?,not cyberbullying
"The first time I listen this  feel like I'm dreaming until I understand that ""if you are broken you do not stay broken ??????",not cyberbullying
the girl is surely grown up watching fantasy movies about bad boy romantic films......she dosent know how the ALPHAS really are ! it is in their nature that they dont care about other feeling ! they just do what their mind says them to do.,not cyberbullying
The interviewer has asked the  relevant question and she answered it so fearlessly and confidentially,not cyberbullying
The ppl who defend him some bunch of ppl who i never wanna meet...( this aint t insta),not cyberbullying
The shadow of brave??,not cyberbullying
The sweetest and the most hilarious  victory for Johnny Depp and his  Lawyers.,not cyberbullying
The tremble in her voice???,not cyberbullying
The way her voice is shaking is making me cry ??,not cyberbullying
"The way she said ""I claimed my own story""  ó I felt that in my soul. Thank you for making us visible, Selena. ??",not cyberbullying
The way she talks Soo adorable ??,not cyberbullying
Thereís nothing to hate about these women. Stop making up lies,not cyberbullying
"There's a difference between professional super model and an actress , do stop comparing",not cyberbullying
They both are best in their own field so stop judging them,not cyberbullying
they both are legends the one who compares them is a fool,not cyberbullying
"They both got what they deserved""",not cyberbullying
They both slayed their own ways,not cyberbullying
"They walk completely different why would you even cimoare them, they are completelu differeny and it doesny make one better tjan the other",not cyberbullying
This case opened eyes of alot of people. This case told us once again that woman is not the victim always. ,not cyberbullying
This case told us not to believe a crying woman until u check all the facts.,not cyberbullying
"This case told us that only a woman can prove that other woman is lying ??""",not cyberbullying
This guy gives me hope that even I could become a comedian Ö. ??,not cyberbullying
This guy only got to where he is because of how much heís willing to bend over for the liberal controlled media,not cyberbullying
This is a beautiful message,not cyberbullying
This is absolutely inspirational??,not cyberbullying
this is called being yourself,not cyberbullying
This is not a women. Real good woman respect her self.,not cyberbullying
"This is one of the best messages I have heard in a long time, given from a famous young person!!!? message of hope ?? ??",not cyberbullying
This is pretty funny lol,not cyberbullying
"This is proof you shouldn't believe ""victims"" until evidence is presented. There are way too many liars like Heard.",not cyberbullying
"This is put out of context, heís creepy and I donít like him but he is making these faces because he didnít get the screen time he deserved at the time the superhuman mv came out, they are reacting to the superhuman mv and he only got like 7 seconds in total of the whole video, he was making those faces throughout the whole video",not cyberbullying
This is really nice. But I gotta say try not having anything and see how broken you feel than. She has a lot to be grateful for,not cyberbullying
This is the one of the GREATEST SPEECHES I've ever heard!!!!??,not cyberbullying
This is the realest sheeee,not cyberbullying
this is way i love her,not cyberbullying
this is why we love chopra,not cyberbullying
This one looks unique and that one is very plain like a normal one ,not cyberbullying
This video is trying so hard to make Amber looka bad.Johnny had to pay 2 million to Amber Hears too after this case.So both are hurting each other.Johnny is way older than her and he cheated his partner to get married her.depp is not innocent.,not cyberbullying
This video looks so fulfilling even after so many yrs,not cyberbullying
This was time she has fresh lips surgery that's why her face lips look weird,not cyberbullying
This woman mesmerises me every time she speaks....,not cyberbullying
This young lady is so brilliant,not cyberbullying
THIS.....will NEVER get old......??,not cyberbullying
To be honest whoever made her do this its their fault but I think she looks really cool ... and her mums passed away leave her alone,not cyberbullying
"To me Jahnvi looks good. I dont know why they linked the 2 videos and say Jahnvi was ""copying""",not cyberbullying
Truth teller?,not cyberbullying
U r an inspiration for many people ? love to you ????,not cyberbullying
VERY well done?,not cyberbullying
Very well said ???,not cyberbullying
"Very well said, very classy lady ?",not cyberbullying
Very wise young lady?,not cyberbullying
Wait. How else are they supposed to walk. Why the comparison? Itís a catwalk .Each one has their own style and they are all gracefully done. This is just to berate her. Not fair.,not cyberbullying
Well Said ????,not cyberbullying
Well she is beautiful though,not cyberbullying
Well speaking ?,not cyberbullying
Well told dear I appreciate you love you,not cyberbullying
What a beautiful person,not cyberbullying
What a beautiful soul ??,not cyberbullying
What a confident lady ?,not cyberbullying
What a wonderful human being ??????????,not cyberbullying
What about all those people who copies whenever a person does something on Instagram and it goes trending ?????????? SHAME ON ALL THOSE PEOPLE WHO HATE ON HER. As if you all CAN walk like GIGI HADID?????? go find some job bruh??????,not cyberbullying
What an amazingly human response,not cyberbullying
What is there to copy? On a ramp you have to walk like this only! What is copied are those men in black...which must be the chorographer's idea. I personally liked her attitude ??,not cyberbullying
What Kendall was doing is called a cat walk and janvi was doing a horse walk l donít why everyone hates janvi just becos she is a nepo kid but no one focused on her acting it is really nice,not cyberbullying
"What's the point in commenting if you don't find it funny, the need isn't there",not cyberbullying
When you have to keep all your pain to yourself. Because of the stereotypes people have.??,not cyberbullying
Why did I like the janvi kapoor walkk?,not cyberbullying
"Why do you care if she copied (no hate, just love for Indian star )",not cyberbullying
Why everytime trolling her ????,not cyberbullying
"Why jhanvi is getting hate bro? She was give an offer, she was getting paid. Its not her fault. She just got a opportunity and she took it",not cyberbullying
Why y'all are always comparing she's an actress for god's sake stop it??????,not cyberbullying
Why you all are trolling her??????she is a good and best actress,not cyberbullying
Why you troll her,not cyberbullying
Wisdom with Beauty ?,not cyberbullying
"Wishing you the peace and happiness you deserve, your amazing sweetheart. ???? God bless you and yours ??",not cyberbullying
Woman supporting woman is the best thing ever,not cyberbullying
Wow pathological liar !!! Nothing from her mouth is true. Lawyer did a great job.?? Rare person to find this kind of lawyers.,not cyberbullying
Wow this made me change my opinion about her. God bless you,not cyberbullying
Yaas Janvi kapoor is a actress not a model but she still slayed it more than the other girl ,not cyberbullying
Yeah girrrrrllll......you said it ?,not cyberbullying
"Yes Sister , You are very positive person ????",not cyberbullying
Yes ?? stay strong ?? And life must go on ??????,not cyberbullying
You are a beautiful young woman  Selena God bless you and God speed,not cyberbullying
"You are PRECIOUS JUST THE WAY YOU ARE, sweetheart ????",not cyberbullying
You are really strong girl,not cyberbullying
You ARE SOOO BEAUTIFUL!,not cyberbullying
You cannot campair her with such a big model ok whatever she is doining she is trying her best ok na ,not cyberbullying
You cannot compare a model and  an actress. They slay in their own passion. You are spreading hate for no reason. Everyone knows that,not cyberbullying
You go girl ?,not cyberbullying
You know. You have to love yourself before anyone could ever love you. Donít be the problem. Be the solution ????.,not cyberbullying
You might of felt let down by others somehow,not cyberbullying
You should make a song with those lyrics cuz they just made me cry I think it's beautiful,not cyberbullying
You stay strong girl.   You're awesome ??,not cyberbullying
You will be okay.,not cyberbullying
You will literally figure it out ,not cyberbullying
Your a very beautiful woman inside and out. I hope u got help for whatever was bothering you and I  hope u are doing better now,not cyberbullying
Your absolutely perfect ??????,not cyberbullying
???? nice,not cyberbullying
"What a Man he is, Represented reality over fantasy?",not cyberbullying
